Store,StoreType,Assortment,CompetitionDistance,CompetitionOpenSinceMonth,CompetitionOpenSinceYear,Promo2,Promo2SinceWeek,Promo2SinceYear,PromoInterval
1,a,c,3000.0,7.0,2012.0,0,,,
2,a,a,7500.0,5.0,2008.0,0,,,
3,d,c,500.0,5.0,2012.0,1,10.0,2011.0,"Jan,Apr,Jul,Oct"
4,a,a,1500.0,1.0,2010.0,1,40.0,2011.0,"Mar,Jun,Sept,Dec"
5,c,a,15000.0,,2008.0,1,31.0,2009.0,"Mar,Jun,Sept,Dec"
6,a,c,1500.0,1.0,,0,,,
7,a,a,1500.0,5.0,2012.0,1,14.0,2011.0,"Jan,Apr,Jul,Oct"
8,a,c,500.0,9.0,2014.0,1,40.0,2009.0,"Mar,Jun,Sept,Dec"
9,d,a,500.0,5.0,2014.0,1,40.0,2013.0,"Jan,Apr,Jul,Oct"
10,d,c,3000.0,11.0,2012.0,1,1.0,2015.0,"Jan,Apr,Jul,Oct"
11,a,c,120.0,11.0,,1,22.0,2015.0,"Mar,Jun,Sept,Dec"
12,d,c,3000.0,,2008.0,0,,,
13,a,a,7500.0,5.0,2005.0,0,,,
14,a,c,1500.0,5.0,2014.0,1,1.0,2013.0,"Jan,Apr,Jul,Oct"
15,d,c,3000.0,11.0,2014.0,1,1.0,2013.0,"Mar,Jun,Sept,Dec"
16,a,a,500.0,11.0,,0,,,
17,a,c,500.0,7.0,2008.0,0,,,
18,d,c,1500.0,5.0,2005.0,1,40.0,2009.0,"Jan,Apr,Jul,Oct"
19,d,c,120.0,9.0,2014.0,1,10.0,2013.0,"Jan,Apr,Jul,Oct"
20,a,a,500.0,9.0,,1,1.0,2013.0,"Mar,Jun,Sept,Dec"
21,a,c,1500.0,,2008.0,0,,,
22,a,a,500.0,,2010.0,0,,,
23,d,c,500.0,1.0,2008.0,0,,,
24,a,a,1500.0,1.0,2010.0,0,,,
25,a,c,500.0,1.0,2012.0,0,,,
26,d,a,1500.0,3.0,2008.0,0,,,
27,d,a,15000.0,9.0,2008.0,1,1.0,2009.0,"Mar,Jun,Sept,Dec"
28,a,a,1500.0,3.0,2010.0,0,,,
29,a,a,1500.0,5.0,,1,10.0,2015.0,"Jan,Apr,Jul,Oct"
30,c,c,500.0,11.0,2014.0,1,22.0,2015.0,"Feb,May,Aug,Nov"
31,d,c,500.0,,2014.0,1,31.0,2015.0,"Mar,Jun,Sept,Dec"
32,a,a,3000.0,3.0,2010.0,1,1.0,2015.0,"Mar,Jun,Sept,Dec"
33,d,c,1500.0,9.0,2008.0,0,,,
34,d,c,500.0,9.0,2005.0,0,,,
35,a,c,120.0,5.0,,1,22.0,2015.0,"Mar,Jun,Sept,Dec"
36,d,a,1500.0,3.0,2008.0,1,40.0,2011.0,"Feb,May,Aug,Nov"
37,d,a,7500.0,3.0,2008.0,1,40.0,2009.0,"Mar,Jun,Sept,Dec"
38,a,a,3000.0,3.0,2010.0,0,,,
39,c,a,7500.0,7.0,2014.0,1,14.0,2015.0,"Jan,Apr,Jul,Oct"
40,d,a,1500.0,11.0,2008.0,1,22.0,2013.0,"Jan,Apr,Jul,Oct"
41,a,c,500.0,1.0,,0,,,
42,d,c,120.0,1.0,2014.0,0,,,
43,a,a,500.0,,,1,31.0,2011.0,"Mar,Jun,Sept,Dec"
44,a,a,1500.0,5.0,2005.0,0,,,
45,c,a,120.0,9.0,2014.0,1,22.0,2011.0,"Feb,May,Aug,Nov"
46,a,c,500.0,1.0,2014.0,0,,,
47,c,a,,,,1,40.0,2013.0,"Jan,Apr,Jul,Oct"
48,a,c,500.0,7.0,2010.0,1,22.0,2011.0,"Mar,Jun,Sept,Dec"
49,d,a,120.0,1.0,2010.0,1,14.0,2009.0,"Mar,Jun,Sept,Dec"
50,a,c,500.0,1.0,2012.0,0,,,
51,a,c,120.0,1.0,,0,,,
52,a,a,120.0,7.0,2012.0,1,31.0,2013.0,"Mar,Jun,Sept,Dec"
53,a,c,,,,1,14.0,2009.0,"Feb,May,Aug,Nov"
54,a,a,,,,0,,,
55,d,c,1500.0,1.0,2005.0,1,22.0,2009.0,"Feb,May,Aug,Nov"
56,a,a,1500.0,7.0,2010.0,0,,,
57,a,c,1500.0,,2012.0,1,10.0,2009.0,"Mar,Jun,Sept,Dec"
58,d,c,1500.0,,,1,14.0,2009.0,"Mar,Jun,Sept,Dec"
59,d,c,500.0,7.0,2012.0,0,,,
60,a,a,1500.0,11.0,,1,31.0,2011.0,"Feb,May,Aug,Nov"
61,a,c,500.0,5.0,2005.0,1,31.0,2013.0,"Jan,Apr,Jul,Oct"
62,a,a,15000.0,5.0,2005.0,0,,,
63,c,c,3000.0,5.0,2005.0,0,,,
64,c,c,1500.0,5.0,,1,1.0,2013.0,"Jan,Apr,Jul,Oct"
65,a,c,1500.0,,2014.0,0,,,
66,a,a,15000.0,3.0,2010.0,0,,,
67,d,c,1500.0,1.0,2012.0,0,,,
68,c,c,500.0,7.0,,0,,,
69,d,c,15000.0,1.0,2012.0,1,31.0,2013.0,"Mar,Jun,Sept,Dec"
70,a,a,3000.0,5.0,,0,,,
71,a,c,120.0,1.0,2008.0,1,31.0,2009.0,"Jan,Apr,Jul,Oct"
72,a,c,7500.0,9.0,2010.0,0,,,
73,d,c,500.0,5.0,2008.0,1,40.0,2013.0,"Mar,Jun,Sept,Dec"
74,a,a,500.0,7.0,2012.0,0,,,
75,c,c,3000.0,11.0,,1,14.0,2009.0,"Feb,May,Aug,Nov"
76,a,a,120.0,,2014.0,0,,,
77,d,c,1500.0,11.0,2012.0,0,,,
78,d,c,500.0,3.0,2010.0,0,,,
79,a,a,500.0,,2012.0,1,14.0,2015.0,"Mar,Jun,Sept,Dec"
80,a,a,15000.0,9.0,2010.0,0,,,
81,a,a,1500.0,1.0,2010.0,1,22.0,2009.0,"Jan,Apr,Jul,Oct"
82,a,a,,,,0,,,
83,a,c,500.0,7.0,2014.0,0,,,
84,d,a,1500.0,,2005.0,0,,,
85,d,c,120.0,,2014.0,1,1.0,2013.0,"Jan,Apr,Jul,Oct"
86,d,a,3000.0,,2012.0,0,,,
87,a,a,,,,0,,,
88,d,c,3000.0,3.0,2012.0,1,31.0,2009.0,"Feb,May,Aug,Nov"
89,d,a,1500.0,9.0,,1,31.0,2015.0,"Feb,May,Aug,Nov"
90,d,c,,,,0,,,
91,a,c,1500.0,3.0,2008.0,0,,,
92,d,c,120.0,3.0,,1,31.0,2009.0,"Feb,May,Aug,Nov"
93,d,a,120.0,5.0,2005.0,0,,,
94,c,a,500.0,11.0,2005.0,0,,,
95,a,c,500.0,11.0,2005.0,1,31.0,2009.0,"Feb,May,Aug,Nov"
96,d,c,500.0,7.0,2005.0,1,10.0,2009.0,"Feb,May,Aug,Nov"
97,c,a,120.0,,2008.0,0,,,
98,c,a,500.0,3.0,2008.0,1,10.0,2009.0,"Feb,May,Aug,Nov"
99,a,c,500.0,1.0,2012.0,0,,,
100,b,c,500.0,9.0,2005.0,0,,,
